LIFE360 INC.,360,Software & Services
1414 DEGREES LIMITED,14D,Capital Goods
ADALTA LIMITED,1AD,Pharmaceuticals Biotechnology & Life Sciences
1ST GROUP LIMITED,1ST,Health Care Equipment & Services
TUBI LIMITED,2BE,Energy
AMAERO INTERNATIONAL LTD,3DA,Capital Goods
POINTERRA LIMITED,3DP,Software & Services
3P LEARNING LIMITED..,3PL,Consumer Services
4DS MEMORY LIMITED,4DS,Semiconductors & Semiconductor Equipment
4DMEDICAL LIMITED,4DX,Health Care Equipment & Services
5G NETWORKS LIMITED,5GN,Telecommunication Services
88 ENERGY LIMITED,88E,Energy
8COMMON LIMITED,8CO,Software & Services
8I HOLDINGS LTD,8IH,Diversified Financials
8VI HOLDINGS LIMITED,8VI,Consumer Services
9 SPOKES INTERNATIONAL LIMITED,9SP,Software & Services
AFRICAN GOLD LTD.,A1G,Materials
AIC MINES LIMITED,A1M,Materials
A2B AUSTRALIA LIMITED,A2B,Transportation
THE A2 MILK COMPANY LIMITED,A2M,Food Beverage & Tobacco
AURORA LABS LIMITED,A3D,Capital Goods
ALPHA HPA LIMITED,A4N,Materials
AUSTRALIAN AGRICULTURAL COMPANY LIMITED.,AAC,Food Beverage & Tobacco
ARUMA RESOURCES LIMITED,AAJ,Materials
ANGLO AUSTRALIAN RESOURCES NL,AAR,Materials
AUSWIDE BANK LTD,ABA,Banks
AUSSIE BROADBAND LIMITED,ABB,Class Pend
ADBRI LIMITED,ABC,Materials
ABACUS PROPERTY GROUP,ABP,Real Estate
AMERICAN PACIFIC BORATES LIMITED,ABR,Materials
ADORE BEAUTY GROUP LIMITED,ABY,Class Pend
AUSCANN GROUP HOLDINGS LTD,AC8,Pharmaceuticals Biotechnology & Life Sciences
ACROW FORMWORK AND CONSTRUCTION SERVICES LIMITED,ACF,Capital Goods
ACORN CAPITAL INVESTMENT FUND LIMITED,ACQ,Not Applic
ACRUX LIMITED,ACR,Pharmaceuticals Biotechnology & Life Sciences
ACUMENTIS GROUP LIMITED,ACU,Real Estate
ACTINOGEN MEDICAL LIMITED,ACW,Pharmaceuticals Biotechnology & Life Sciences
AD1 HOLDINGS LIMITED,AD1,Media & Entertainment
AUDINATE GROUP LIMITED,AD8,Technology Hardware & Equipment
ADACEL TECHNOLOGIES LIMITED,ADA,Software & Services
ADAVALE RESOURCES LIMITED,ADD,Energy
ADAIRS LIMITED,ADH,Retailing
APN INDUSTRIA REIT,ADI,Real Estate
ANDROMEDA METALS LIMITED,ADN,Materials
ANTEOTECH LTD,ADO,Pharmaceuticals Biotechnology & Life Sciences
ADHERIUM LIMITED,ADR,Health Care Equipment & Services
ADRIATIC METALS PLC,ADT,Materials
AUSTRALIAN ETHICAL INVESTMENT LIMITED,AEF,Diversified Financials
ABSOLUTE EQUITY PERFORMANCE FUND LIMITED,AEG,Not Applic
AERIS ENVIRONMENTAL LTD,AEI,Commercial & Professional Services
AEERIS LTD,AER,Media & Entertainment
AUSTRALIAN FINANCE GROUP LTD,AFG,Banks
AUSTRALIAN FOUNDATION INVESTMENT COMPANY LIMITED,AFI,Not Applic
AF LEGAL GROUP LTD,AFL,Commercial & Professional Services
AFT PHARMACEUTICALS LIMITED,AFP,Pharmaceuticals Biotechnology & Life Sciences
AFRICAN ENERGY RESOURCES LIMITED,AFR,Energy
ANGLOGOLD ASHANTI LIMITED,AGG,Materials
ALTHEA GROUP HOLDINGS LIMITED,AGH,Pharmaceuticals Biotechnology & Life Sciences
AINSWORTH GAME TECHNOLOGY LIMITED,AGI,Consumer Services
AGL ENERGY LIMITED.,AGL,Utilities
AGUIA RESOURCES LIMITED,AGR,Materials
ARGOSY MINERALS LIMITED,AGY,Materials
AUSTRALIAN DAIRY NUTRITIONALS GROUP,AHF,Food Beverage & Tobacco
AHALIFE HOLDINGS LIMITED,AHL,Retailing
ALLEGIANCE COAL LIMITED,AHQ,Materials
ASALEO CARE LIMITED,AHY,Household & Personal Products
AUCKLAND INTERNATIONAL AIRPORT LIMITED,AIA,Transportation
ACCESS INNOVATION HOLDINGS LIMITED,AIM,Commercial & Professional Services
AERIS RESOURCES LIMITED,AIS,Materials
AIR NEW ZEALAND LIMITED,AIZ,Transportation
AJ LUCAS GROUP LIMITED,AJL,Capital Goods
ARMOUR ENERGY LIMITED,AJQ,Energy
ALEXIUM INTERNATIONAL GROUP LIMITED,AJX,Materials
ASPIRE MINING LIMITED,AKM,Materials
AUDIO PIXELS HOLDINGS LIMITED,AKP,Consumer Durables & Apparel
AML3D LIMITED,AL3,Capital Goods
ALDERAN RESOURCES LIMITED,AL8,Materials
ALCIDION GROUP LIMITED,ALC,Health Care Equipment & Services
AMPOL LIMITED,ALD,Energy
AUSTRALIAN LEADERS FUND LIMITED,ALF,Not Applic
ARDENT LEISURE GROUP LIMITED,ALG,Consumer Services
ALKANE RESOURCES LIMITED,ALK,Materials
ARISTOCRAT LEISURE LIMITED,ALL,Consumer Services
ALS LIMITED,ALQ,Commercial & Professional Services
ALTIUM LIMITED,ALU,Software & Services
ATLAS ARTERIA,ALX,Transportation
ALCHEMY RESOURCES LIMITED,ALY,Materials
AMCOR PLC,AMC,Materials
ARROW MINERALS LTD,AMD,Materials
ALTO METALS LIMITED,AME,Materials
AUSMEX MINING GROUP LIMITED,AMG,Materials
AMCIL LIMITED,AMH,Not Applic
AURELIA METALS LIMITED,AMI,Materials
AEON METALS LIMITED.,AML,Materials
AGRIMIN LIMITED,AMN,Materials
AMBERTECH LIMITED,AMO,Technology Hardware & Equipment
AMP LIMITED,AMP,Diversified Financials
ATOMOS LIMITED,AMS,Consumer Durables & Apparel
AEROMETREX LIMITED,AMX,Commercial & Professional Services
ANSELL LIMITED,ANN,Health Care Equipment & Services
ADVANCE NANOTEK LIMITED,ANO,Materials
ANTISENSE THERAPEUTICS LIMITED,ANP,Pharmaceuticals Biotechnology & Life Sciences
ANATARA LIFESCIENCES LTD,ANR,Pharmaceuticals Biotechnology & Life Sciences
AUSTRALIA AND NEW ZEALAND BANKING GROUP LIMITED,ANZ,Banks
AUSTRALIAN UNITY OFFICE FUND,AOF,Real Estate
APOLLO MINERALS LIMITED,AON,Materials
APOLLO CONSOLIDATED LIMITED,AOP,Materials
APA GROUP,APA,Utilities
APN PROPERTY GROUP,APD,Real Estate
EAGERS AUTOMOTIVE LIMITED,APE,Retailing
AUSTRALIAN PRIMARY HEMP LIMITED,APH,Food Beverage & Tobacco
AUSTRALIAN PHARMACEUTICAL INDUSTRIES LIMITED,API,Health Care Equipment & Services
ANTIPODES GLOBAL INVESTMENT COMPANY LTD,APL,Not Applic
AFTERPAY LIMITED,APT,Software & Services
APPSVILLAGE AUSTRALIA LIMITED,APV,Software & Services
APPEN LIMITED,APX,Software & Services
ASPEN GROUP,APZ,Real Estate
AUSTRALIAN PACIFIC COAL LIMITED,AQC,Materials
AUSQUEST LIMITED,AQD,Materials
ALICANTO MINERALS LIMITED,AQI,Materials
APN CONVENIENCE RETAIL REIT,AQR,Real Estate
AQUIS ENTERTAINMENT LIMITED,AQS,Consumer Services
ALICE QUEEN LIMITED,AQX,Materials
ALLIANCE AVIATION SERVICES LIMITED,AQZ,Transportation
ARCHTIS LIMITED,AR9,Software & Services
ARB CORPORATION LIMITED.,ARB,Automobiles & Components
ARGENT MINERALS LIMITED,ARD,Materials
ARGONAUT RESOURCES NL,ARE,Materials
ARENA REIT.,ARF,Real Estate
ARGO INVESTMENTS LIMITED,ARG,Not Applic
ARDEA RESOURCES LIMITED,ARL,Materials
ARAFURA RESOURCES LIMITED,ARU,Materials
AROA BIOSURGERY LIMITED,ARX,Pharmaceuticals Biotechnology & Life Sciences
ANGEL SEAFOOD HOLDINGS LTD,AS1,Food Beverage & Tobacco
AUSTAL LIMITED,ASB,Capital Goods
AUTOSPORTS GROUP LIMITED.,ASG,Retailing
ASHLEY SERVICES GROUP LIMITED,ASH,Commercial & Professional Services
AUSTRALIAN STRATEGIC MATERIALS LIMITED,ASM,Materials
ANSON RESOURCES LIMITED,ASN,Materials
AUSTRALIAN SILICA QUARTZ GROUP LTD,ASQ,Materials
AUSNET SERVICES LIMITED,AST,Utilities
ASX LIMITED,ASX,Diversified Financials
ATOMO DIAGNOSTICS LIMITED,AT1,Health Care Equipment & Services
ALTECH CHEMICALS LTD,ATC,Materials
ALTERITY THERAPEUTICS LIMITED,ATH,Pharmaceuticals Biotechnology & Life Sciences
APOLLO TOURISM & LEISURE LTD,ATL,Automobiles & Components
AUSTRALIS OIL & GAS LIMITED,ATS,Energy
ATRUM COAL LIMITED,ATU,Materials
AMPLIA THERAPEUTICS LIMITED,ATX,Pharmaceuticals Biotechnology & Life Sciences
AUMAKE INTERNATIONAL LIMITED,AU8,Retailing
AUB GROUP LIMITED,AUB,Insurance
AUSGOLD LIMITED,AUC,Materials
AUSTRALIAN UNITED INVESTMENT COMPANY LIMITED,AUI,Not Applic
AURIS MINERALS LIMITED,AUR,Materials
AUTECO MINERALS LTD,AUT,Materials
AUSTRALIAN MINES LIMITED,AUZ,Materials
AVA RISK GROUP LIMITED,AVA,Technology Hardware & Equipment
AUCTUS INVESTMENT GROUP LIMITED,AVC,Diversified Financials
AVECHO BIOTECHNOLOGY LIMITED,AVE,Pharmaceuticals Biotechnology & Life Sciences
AUSTRALIAN VINTAGE LTD,AVG,Food Beverage & Tobacco
AVITA THERAPEUTICS INC.,AVH,Pharmaceuticals Biotechnology & Life Sciences
AVJENNINGS LIMITED,AVJ,Real Estate
AUSTRALIAN VANADIUM LIMITED,AVL,Materials
AVENTUS GROUP,AVN,Real Estate
ANTERIS TECHNOLOGIES LTD,AVR,Health Care Equipment & Services
AVIRA RESOURCES LTD,AVW,Materials
AVZ MINERALS LIMITED,AVZ,Materials
ALUMINA LIMITED,AWC,Materials
AWN HOLDINGS LIMITED,AWN,Capital Goods
ANOVA METALS LIMITED,AWV,Materials
ACCENT GROUP LIMITED,AX1,Retailing
ACCELERATE RESOURCES LIMITED,AX8,Materials
ARCHER MATERIALS LIMITED,AXE,Materials
AMAYSIM AUSTRALIA LIMITED,AYS,Utilities
AURIZON HOLDINGS LIMITED,AZJ,Transportation
AZURE MINERALS LIMITED,AZS,Materials
ANTIPA MINERALS LIMITED,AZY,Materials
BAPCOR LIMITED,BAP,Retailing
BARRA RESOURCES LIMITED,BAR,Materials
BATTERY MINERALS LIMITED,BAT,Materials
BNK BANKING CORPORATION LIMITED,BBC,Banks
BABY BUNTING GROUP LIMITED,BBN,Retailing
BBX MINERALS LIMITED,BBX,Materials
BLACK CAT SYNDICATE LIMITED,BC8,Materials
BOWEN COKING COAL LIMITED,BCB,Materials
BEAM COMMUNICATIONS HOLDINGS LIMITED,BCC,Technology Hardware & Equipment
BCI MINERALS LIMITED,BCI,Materials
BROCKMAN MINING LIMITED,BCK,Materials
BEACON MINERALS LIMITED,BCN,Materials
BLUECHIIP LIMITED,BCT,Technology Hardware & Equipment
BARD1 LIFE SCIENCES LIMITED,BD1,Health Care Equipment & Services
BOD AUSTRALIA LIMITED,BDA,Retailing
BARDOC GOLD LIMITED,BDC,Materials
BENTLEY CAPITAL LIMITED,BEL,Not Applic
BLACKEARTH MINERALS NL,BEM,Materials
BENDIGO AND ADELAIDE BANK LIMITED,BEN,Banks
BETMAKERS TECHNOLOGY GROUP LTD,BET,Consumer Services
BESTON GLOBAL FOOD COMPANY LIMITED,BFC,Food Beverage & Tobacco
BELL FINANCIAL GROUP LIMITED,BFG,Diversified Financials
BEGA CHEESE LIMITED,BGA,Food Beverage & Tobacco
BELLEVUE GOLD LIMITED,BGL,Materials
BIO-GENE TECHNOLOGY LTD,BGT,Materials
BENJAMIN HORNIGOLD LIMITED,BHD,Not Applic
BHP GROUP LIMITED,BHP,Materials
BIDENERGY LIMITED,BID,Software & Services
BINGO INDUSTRIES LIMITED,BIN,Commercial & Professional Services
BISALLOY STEEL GROUP LIMITED,BIS,Materials
BKI INVESTMENT COMPANY LIMITED,BKI,Not Applic
BLACKMORES LIMITED,BKL,Household & Personal Products
BLACK ROCK MINING LIMITED,BKT,Materials
BRICKWORKS LIMITED,BKW,Materials
BERKELEY ENERGIA LIMITED,BKY,Energy
BORAL LIMITED.,BLD,Materials
BLUGLASS LIMITED,BLG,Semiconductors & Semiconductor Equipment
BLUE ENERGY LIMITED.,BLU,Energy
BOART LONGYEAR LIMITED,BLY,Materials
BLAZE INTERNATIONAL LIMITED,BLZ,Energy
BMG RESOURCES LIMITED,BMG,Materials
BLUE STAR HELIUM LIMITED,BNL,Energy
BIONOMICS LIMITED,BNO,Pharmaceuticals Biotechnology & Life Sciences
BULLETIN RESOURCES LIMITED,BNR,Materials
BOUGAINVILLE COPPER LIMITED,BOC,Materials
BOSS RESOURCES LIMITED,BOE,Materials
BOOM LOGISTICS LIMITED,BOL,Capital Goods
BANK OF QUEENSLAND LIMITED.,BOQ,Banks
BOTANIX PHARMACEUTICALS LTD,BOT,Pharmaceuticals Biotechnology & Life Sciences
BPH ENERGY LTD,BPH,Pharmaceuticals Biotechnology & Life Sciences
BABYLON PUMP & POWER LIMITED,BPP,Capital Goods
BEACH ENERGY LIMITED,BPT,Energy
BREAKER RESOURCES NL,BRB,Materials
BREVILLE GROUP LIMITED,BRG,Consumer Durables & Apparel
BATHURST RESOURCES LIMITED.,BRL,Materials
BRAINCHIP HOLDINGS LTD,BRN,Software & Services
BURU ENERGY LIMITED,BRU,Energy
BSA LIMITED,BSA,Commercial & Professional Services
BASE RESOURCES LIMITED,BSE,Materials
BLUESCOPE STEEL LIMITED,BSL,Materials
BLACKSTONE MINERALS LIMITED,BSX,Materials
BIGTINCAN HOLDINGS LIMITED,BTH,Software & Services
BAILADOR TECHNOLOGY INVESTMENTS LIMITED,BTI,Diversified Financials
BUBS AUSTRALIA LIMITED,BUB,Food Beverage & Tobacco
BUXTON RESOURCES LIMITED,BUX,Materials
BOUNTY OIL & GAS NL,BUY,Energy
BRAVURA SOLUTIONS LIMITED.,BVS,Software & Services
BLACKWALL LIMITED,BWF,Diversified Financials
BWP TRUST,BWP,Real Estate
BLACKWALL PROPERTY TRUST,BWR,Real Estate
BWX LIMITED,BWX,Household & Personal Products
BRAMBLES LIMITED,BXB,Commercial & Professional Services
BYRON ENERGY LIMITED,BYE,Energy
BRYAH RESOURCES LIMITED,BYH,Materials
COPPER MOUNTAIN MINING CORPORATION,C6C,Materials
CAPRAL LIMITED,CAA,Materials
CAENEUS MINERALS LTD,CAD,Materials
CANNINDAH RESOURCES LIMITED,CAE,Materials
CENTREPOINT ALLIANCE LIMITED,CAF,Diversified Financials
CALIDUS RESOURCES LIMITED,CAI,Materials
CLIME CAPITAL LIMITED,CAM,Not Applic
CANN GROUP LIMITED,CAN,Pharmaceuticals Biotechnology & Life Sciences
CARPENTARIA RESOURCES LTD,CAP,Materials
CARSALES.COM LIMITED.,CAR,Media & Entertainment
CATAPULT GROUP INTERNATIONAL LTD,CAT,Technology Hardware & Equipment
CRONOS AUSTRALIA LIMITED,CAU,Health Care Equipment & Services
CARNAVALE RESOURCES LIMITED,CAV,Materials
CANYON RESOURCES LIMITED,CAY,Materials
CAZALY RESOURCES LIMITED,CAZ,Materials
COMMONWEALTH BANK OF AUSTRALIA.,CBA,Banks
COBRE LIMITED,CBE,Materials
CARBON REVOLUTION LIMITED,CBR,Automobiles & Components
CANTERBURY RESOURCES LIMITED,CBY,Materials
CHANGE FINANCIAL LIMITED,CCA,Software & Services
COMMSCHOICE GROUP LIMITED,CCG,Software & Services
COCA-COLA AMATIL LIMITED,CCL,Food Beverage & Tobacco
CREDIT CORP GROUP LIMITED,CCP,Diversified Financials
CASH CONVERTERS INTERNATIONAL,CCV,Diversified Financials
CITY CHIC COLLECTIVE LIMITED,CCX,Retailing
CASTILLO COPPER LIMITED,CCZ,Materials
CD PRIVATE EQUITY FUND II,CD2,Not Applic
CD PRIVATE EQUITY FUND III,CD3,Not Applic
CODAN LIMITED,CDA,Technology Hardware & Equipment
CARDNO LIMITED,CDD,Commercial & Professional Services
CARINDALE PROPERTY TRUST,CDP,Real Estate
CASTLE MINERALS LIMITED,CDT,Materials
CARDINAL RESOURCES LIMITED,CDV,Materials
CARDIEX LIMITED,CDX,Health Care Equipment & Services
CELLMID LIMITED,CDY,Pharmaceuticals Biotechnology & Life Sciences
CHALLENGER EXPLORATION LIMITED,CEL,Energy
CONTACT ENERGY LIMITED,CEN,Utilities
CFOAM LIMITED,CFO,Capital Goods
COSTA GROUP HOLDINGS LIMITED,CGC,Food Beverage & Tobacco
CHALLENGER LIMITED,CGF,Diversified Financials
CPT GLOBAL LIMITED,CGO,Software & Services
CML GROUP LIMITED,CGR,Diversified Financials
COGSTATE LTD,CGS,Health Care Equipment & Services
CHARTER HALL GROUP,CHC,Real Estate
COHIBA MINERALS LIMITED,CHK,Materials
CHALICE GOLD MINES LIMITED,CHN,Materials
CHESSER RESOURCES LIMITED,CHZ,Materials
CHAMPION IRON LIMITED,CIA,Materials
CONTANGO INCOME GENERATOR  LIMITED,CIE,Not Applic
CIMIC GROUP LIMITED,CIM,Capital Goods
CARLTON INVESTMENTS LIMITED,CIN,Not Applic
CONNECTED IO LIMITED,CIO,Technology Hardware & Equipment
CENTURIA INDUSTRIAL REIT,CIP,Real Estate
COKAL LIMITED,CKA,Materials
COLLINS FOODS LIMITED,CKF,Consumer Services
CLASS LIMITED,CL1,Software & Services
COLLABORATE CORPORATION LIMITED,CL8,Retailing
CELSIUS RESOURCES LIMITED.,CLA,Materials
CANDY CLUB HOLDINGS LIMITED,CLB,Food & Staples Retailing
CONCENTRATED LEADERS FUND LIMITED,CLF,Not Applic
CLEAN TEQ HOLDINGS LIMITED,CLQ,Commercial & Professional Services
CELLNET GROUP LIMITED,CLT,Technology Hardware & Equipment
CLOVER CORPORATION LIMITED,CLV,Materials
CHARTER HALL LONG WALE REIT,CLW,Real Estate
CROWD MEDIA HOLDINGS LIMITED,CM8,Media & Entertainment
CASSIUS MINING LIMITED,CMD,Materials
CAPRICORN METALS LTD,CMM,Materials
COMPUMEDICS LIMITED,CMP,Health Care Equipment & Services
CROMWELL PROPERTY GROUP,CMW,Real Estate
CARNABY RESOURCES LIMITED,CNB,Materials
CENTURIA CAPITAL GROUP,CNI,Real Estate
CONICO LTD,CNJ,Materials
CHORUS LIMITED,CNU,Telecommunication Services
CIRRUS NETWORKS HOLDINGS LIMITED,CNW,Software & Services
COBALT BLUE HOLDINGS LIMITED,COB,Materials
COOPER ENERGY LIMITED,COE,Energy
CENTURIA OFFICE REIT,COF,Real Estate
CONSOLIDATED OPERATIONS GROUP LIMITED,COG,Diversified Financials
COCHLEAR LIMITED,COH,Health Care Equipment & Services
COLES GROUP LIMITED.,COL,Food & Staples Retailing
CORUM GROUP LIMITED,COO,Software & Services
CANNPAL ANIMAL THERAPEUTICS LIMITED,CP1,Pharmaceuticals Biotechnology & Life Sciences
CRESO PHARMA LIMITED,CPH,Pharmaceuticals Biotechnology & Life Sciences
CIPHERPOINT LIMITED,CPT,Software & Services
COMPUTERSHARE LIMITED.,CPU,Software & Services
CLEARVUE TECHNOLOGIES LIMITED,CPV,Capital Goods
CHARTER HALL SOCIAL INFRASTRUCTURE REIT,CQE,Real Estate
CHARTER HALL RETAIL REIT,CQR,Real Estate
CONSTELLATION RESOURCES LIMITED,CR1,Materials
COMET RESOURCES LIMITED,CRL,Materials
CORONADO GLOBAL RESOURCES INC.,CRN,Materials
CIRRALTO LIMITED,CRO,Software & Services
CAPRICE RESOURCES LTD,CRS,Materials
COPPER STRIKE LIMITED,CSE,Materials
CSL LIMITED,CSL,Pharmaceuticals Biotechnology & Life Sciences
CSR LIMITED,CSR,Materials
CLEAN SEAS SEAFOOD LIMITED,CSS,Food Beverage & Tobacco
CASTILE RESOURCES LTD,CST,Materials
CLEANSPACE HOLDINGS LIMITED,CSX,Class Pend
CONSTELLATION TECHNOLOGIES LIMITED,CT1,Technology Hardware & Equipment
CORPORATE TRAVEL MANAGEMENT LIMITED,CTD,Consumer Services
CRYOSITE LIMITED,CTE,Pharmaceuticals Biotechnology & Life Sciences
CENTAURUS METALS LIMITED,CTM,Materials
CITIGOLD CORPORATION LIMITED,CTO,Materials
CENTRAL PETROLEUM LIMITED,CTP,Energy
CUE ENERGY RESOURCES LIMITED,CUE,Energy
CULLEN RESOURCES LIMITED,CUL,Materials
COUNTPLUS LIMITED,CUP,Commercial & Professional Services
CLINUVEL PHARMACEUTICALS LIMITED,CUV,Pharmaceuticals Biotechnology & Life Sciences
CV CHECK LTD,CV1,Software & Services
CONTRARIAN VALUE FUND LIMITED,CVF,Not Applic
CARNARVON PETROLEUM LIMITED,CVN,Energy
CARAVEL MINERALS LIMITED,CVV,Materials
CROWN RESORTS LIMITED,CWN,Consumer Services
CEDAR WOODS PROPERTIES LIMITED,CWP,Real Estate
CARAWINE RESOURCES LIMITED,CWX,Materials
CLEANAWAY WASTE MANAGEMENT LIMITED,CWY,Commercial & Professional Services
CASHWERKZ LIMITED,CWZ,Diversified Financials
CALIX LIMITED,CXL,Materials
CENTREX METALS LIMITED,CXM,Materials
CORE LITHIUM LTD,CXO,Materials
CAULDRON ENERGY LIMITED,CXU,Energy
CONNEXION TELEMATICS LTD,CXZ,Software & Services
CYCLOPHARM LIMITED,CYC,Health Care Equipment & Services
CATALYST METALS LIMITED,CYL,Materials
CYPRIUM METALS LIMITED,CYM,Materials
CYNATA THERAPEUTICS LIMITED,CYP,Pharmaceuticals Biotechnology & Life Sciences
CZR RESOURCES LTD,CZR,Materials
DUXTON WATER LIMITED,D2O,Utilities
DISCOVERY AFRICA LIMITED,DAF,Materials
DAMPIER GOLD LIMITED,DAU,Materials
DAVENPORT RESOURCES LIMITED,DAV,Materials
DUXTON BROADACRE FARMS LIMITED,DBF,Food Beverage & Tobacco
DIGITALX LIMITED,DCC,Software & Services
DECMIL GROUP LIMITED,DCG,Capital Goods
DACIAN GOLD LIMITED,DCN,Materials
DYNAMIC DRILL AND BLAST HOLDINGS LIMITED,DDB,Capital Goods
3D RESOURCES LIMITED,DDD,Materials
DICKER DATA LIMITED,DDR,Technology Hardware & Equipment
DATADOT TECHNOLOGY LIMITED,DDT,Automobiles & Components
DE GREY MINING LIMITED,DEG,Materials
DE.MEM LIMITED,DEM,Utilities
DEVEX RESOURCES LIMITED,DEV,Energy
DGO GOLD LIMITED,DGO,Materials
DGR GLOBAL LIMITED,DGR,Materials
DOMAIN HOLDINGS AUSTRALIA LIMITED.,DHG,Media & Entertainment
DJERRIWARRH INVESTMENTS LIMITED,DJW,Not Applic
DUKETON MINING LIMITED,DKM,Materials
DOMINO'S PIZZA ENTERPRISES LIMITED,DMP,Consumer Services
DONACO INTERNATIONAL LIMITED,DNA,Consumer Services
DANAKALI LIMITED,DNK,Materials
DORIEMUS PLC,DOR,Energy
DOUUGH LIMITED,DOU,Telecommunication Services
DOWNER EDI LIMITED,DOW,Commercial & Professional Services
DREADNOUGHT RESOURCES LTD,DRE,Materials
DRONESHIELD LIMITED,DRO,Capital Goods
DETERRA ROYALTIES LIMITED,DRR,Class Pend
DROPSUITE LIMITED,DSE,Software & Services
DAMSTRA HOLDINGS LIMITED,DTC,Software & Services
DATA#3 LIMITED,DTL,Software & Services
DART MINING NL,DTM,Materials
DRAGONTAIL SYSTEMS LIMITED,DTS,Software & Services
DOTZ NANO LIMITED,DTZ,Semiconductors & Semiconductor Equipment
DUBBER CORPORATION LIMITED,DUB,Software & Services
DUG TECHNOLOGY LTD,DUG,Software & Services
DIVERSIFIED UNITED INVESTMENT LIMITED,DUI,Not Applic
DIGITAL WINE VENTURES LIMITED,DW8,Retailing
DWS LIMITED,DWS,Software & Services
DXN LIMITED,DXN,Software & Services
DEXUS,DXS,Real Estate
DEEP YELLOW LIMITED,DYL,Energy
ELEMENT 25 LIMITED,E25,Materials
EVANS & PARTNERS ASIA FUND,EAF,Not Applic
ELLERSTON ASIAN INVESTMENTS LIMITED,EAI,Not Applic
EBOS GROUP LIMITED,EBO,Health Care Equipment & Services
ELANOR COMMERCIAL PROPERTY FUND,ECF,Real Estate
ECLIPX GROUP LIMITED,ECX,Diversified Financials
EVANS DIXON LIMITED,ED1,Diversified Financials
EDEN INNOVATIONS LTD,EDE,Energy
EMPIRE ENERGY GROUP LIMITED,EEG,Energy
EASTERN IRON LIMITED,EFE,Materials
EVANS & PARTNERS GLOBAL DISRUPTION FUND,EGD,Not Applic
EVANS & PARTNERS GLOBAL FLAGSHIP FUND,EGF,Not Applic
ENERO GROUP LIMITED,EGG,Media & Entertainment
EUREKA GROUP HOLDINGS LIMITED,EGH,Real Estate
ENVIRONMENTAL GROUP LIMITED (THE),EGL,Capital Goods
ECOGRAF LIMITED,EGR,Materials
ESTIA HEALTH LIMITED,EHE,Health Care Equipment & Services
EMECO HOLDINGS LIMITED,EHL,Capital Goods
EHR RESOURCES LIMITED,EHX,Materials
ELDERS LIMITED,ELD,Food Beverage & Tobacco
ELMO SOFTWARE LIMITED,ELO,Software & Services
ELSIGHT LIMITED,ELS,Technology Hardware & Equipment
EAGLE MOUNTAIN MINING LIMITED,EM2,Materials
EMYRIA LIMITED,EMD,Health Care Equipment & Services
EML PAYMENTS LIMITED,EML,Software & Services
EURO MANGANESE INC,EMN,Materials
EMPEROR ENERGY LIMITED,EMP,Energy
EMERALD RESOURCES NL,EMR,Materials
EMETALS LIMITED,EMT,Not Applic
EMU NL,EMU,Materials
EMVISION MEDICAL DEVICES LTD,EMV,Health Care Equipment & Services
ENEVIS LIMITED,ENE,Capital Goods
ENCOUNTER RESOURCES LIMITED,ENR,Materials
ENTERPRISE METALS LIMITED,ENT,Materials
ENEGEX LIMITED,ENX,Energy
ECOFIBRE LIMITED,EOF,Pharmaceuticals Biotechnology & Life Sciences
ENERGY ONE LIMITED,EOL,Software & Services
ELECTRO OPTIC SYSTEMS HOLDINGS LIMITED,EOS,Capital Goods
EMPIRED LTD,EPD,Software & Services
EQUUS MINING LIMITED,EQE,Materials
EQT HOLDINGS LIMITED,EQT,Diversified Financials
EQUATORIAL RESOURCES LIMITED,EQX,Materials
ENERGY RESOURCES OF AUSTRALIA LIMITED,ERA,Energy
EROAD LIMITED,ERD,Class Pend
ELANOR RETAIL PROPERTY FUND,ERF,Real Estate
ESPORTS MOGUL LIMITED,ESH,Media & Entertainment
ETHERSTACK PLC,ESK,Software & Services
ESTRELLA RESOURCES LIMITED,ESR,Materials
EUROPEAN COBALT LTD,EUC,Materials
EUROPEAN LITHIUM LIMITED,EUR,Materials
EVE INVESTMENTS LIMITED,EVE,Diversified Financials
EVOLUTION MINING LIMITED,EVN,Materials
EVOLVE EDUCATION GROUP LIMITED,EVO,Consumer Services
ENVIROSUITE LIMITED,EVS,Software & Services
EVENT HOSPITALITY AND ENTERTAINMENT LTD,EVT,Media & Entertainment
EVZ LIMITED,EVZ,Capital Goods
EXOPHARM LIMITED,EX1,Pharmaceuticals Biotechnology & Life Sciences
ELIXINOL GLOBAL LIMITED,EXL,Household & Personal Products
ELIXIR ENERGY LIMITED,EXR,Energy
EUROZ LIMITED,EZL,Diversified Financials
FBR LTD,FBR,Capital Goods
FLETCHER BUILDING LIMITED,FBU,Materials
FINEOS CORPORATION HOLDINGS PLC,FCL,Software & Services
FIRSTWAVE CLOUD TECHNOLOGY LIMITED,FCT,Software & Services
FRONTIER DIGITAL VENTURES LIMITED,FDV,Media & Entertainment
FE LIMITED,FEL,Materials
FENIX RESOURCES LTD,FEX,Materials
FORBIDDEN FOODS LIMITED,FFF,Food Beverage & Tobacco
FATFISH GROUP LIMITED,FFG,Diversified Financials
FFI HOLDINGS LIMITED,FFI,Food Beverage & Tobacco
FOUNDERS FIRST LIMITED,FFL,Food Beverage & Tobacco
FIREFLY RESOURCES LIMITED,FFR,Materials
FUTURE GENERATION GLOBAL INVESTMENT COMPANY LIMITED,FGG,Not Applic
FIRST GRAPHENE LIMITED,FGR,Materials
FUTURE GENERATION INVESTMENT COMPANY LIMITED,FGX,Not Applic
FREEHILL MINING LIMITED.,FHS,Materials
FIDUCIAN GROUP LIMITED,FID,Diversified Financials
FIJI KAVA LIMITED,FIJ,Household & Personal Products
FIN RESOURCES LIMITED,FIN,Materials
FLUENCE CORPORATION LIMITED,FLC,Capital Goods
FREELANCER LIMITED,FLN,Commercial & Professional Services
FLIGHT CENTRE TRAVEL GROUP LIMITED,FLT,Consumer Services
FORTESCUE METALS GROUP LTD,FMG,Materials
FOCUS MINERALS LTD,FML,Materials
FLINDERS MINES LIMITED,FMS,Materials
FRONTIER RESOURCES LIMITED,FNT,Materials
FAT PROPHETS GLOBAL CONTRARIAN FUND LTD,FPC,Not Applic
FISHER & PAYKEL HEALTHCARE CORPORATION LIMITED,FPH,Health Care Equipment & Services
FAT PROPHETS GLOBAL PROPERTY FUND,FPP,Not Applic
FINBAR GROUP LIMITED,FRI,Real Estate
FARM PRIDE FOODS LIMITED,FRM,Food Beverage & Tobacco
FLEXIROAM LIMITED,FRX,Telecommunication Services
FONTERRA SHAREHOLDERS' FUND,FSF,Food Beverage & Tobacco
FIELD SOLUTIONS HOLDINGS LIMITED,FSG,Telecommunication Services
FINTECH CHAIN LIMITED,FTC,Software & Services
FERTOZ LIMITED,FTZ,Materials
FUNTASTIC LIMITED,FUN,Retailing
FLEETWOOD CORPORATION LIMITED,FWD,Consumer Durables & Apparel
FLEXIGROUP LIMITED,FXL,Diversified Financials
FYI RESOURCES LIMITED,FYI,Materials
FAMILY ZONE CYBER SAFETY LIMITED,FZO,Software & Services
GALENA MINING LIMITED,G1A,Materials
GOLDEN MILE RESOURCES LTD,G88,Materials
GALILEO MINING LTD,GAL,Materials
GALE PACIFIC LIMITED,GAP,Consumer Durables & Apparel
STATE GAS LIMITED,GAS,Energy
GLOBE METALS & MINING LIMITED,GBE,Materials
GREAT BOULDER RESOURCES LIMITED,GBR,Materials
GBM RESOURCES LIMITED,GBZ,Materials
GLENNON SMALL COMPANIES LIMITED,GC1,Not Applic
GRYPHON CAPITAL INCOME TRUST,GCI,Not Applic
GASCOYNE RESOURCES LIMITED,GCY,Materials
GARDA PROPERTY GROUP,GDF,Real Estate
GENERATION DEVELOPMENT GROUP LIMITED,GDG,Insurance
GDI PROPERTY GROUP,GDI,Real Estate
G8 EDUCATION LIMITED,GEM,Consumer Services
GLOBAL ENERGY VENTURES LIMITED,GEV,Energy
GREENLAND MINERALS LIMITED,GGG,Materials
GIBB RIVER DIAMONDS LIMITED,GIB,Materials
GALAN LITHIUM LIMITED,GLN,Materials
GLOBAL OIL & GAS LIMITED,GLV,Energy
GENWORTH MORTGAGE INSURANCE AUSTRALIA LIMITED,GMA,Banks
GENESIS MINERALS LIMITED,GMD,Materials
GOODMAN GROUP,GMG,Real Estate
GOLD MOUNTAIN LIMITED,GMN,Materials
GOLDEN RIM RESOURCES LTD,GMR,Materials
GRAINCORP LIMITED,GNC,Food & Staples Retailing
GENESIS ENERGY LIMITED,GNE,Utilities
GR ENGINEERING SERVICES LIMITED,GNG,Materials
GREAT NORTHERN MINERALS LIMITED,GNM,Materials
GENEX POWER LIMITED,GNX,Utilities
THE GO2 PEOPLE LTD,GO2,Commercial & Professional Services
GOLD ROAD RESOURCES LIMITED,GOR,Materials
GOWING BROS LIMITED,GOW,Diversified Financials
GROWTHPOINT PROPERTIES AUSTRALIA,GOZ,Real Estate
GEOPACIFIC RESOURCES LTD,GPR,Materials
GPT GROUP,GPT,Real Estate
GAGE ROADS BREWING CO LIMITED,GRB,Food Beverage & Tobacco
GODOLPHIN RESOURCES LIMITED,GRL,Materials
GOLDEN STATE MINING LIMITED,GSM,Materials
GREAT SOUTHERN MINING LIMITED,GSN,Materials
GENETIC SIGNATURES LIMITED,GSS,Pharmaceuticals Biotechnology & Life Sciences
GETSWIFT LIMITED,GSW,Software & Services
GREAT WESTERN EXPLORATION LIMITED.,GTE,Materials
GENTRACK GROUP LIMITED,GTK,Software & Services
GTN LIMITED,GTN,Media & Entertainment
GTI RESOURCES LIMITED,GTR,Materials
G.U.D. HOLDINGS LIMITED,GUD,Automobiles & Components
GULLEWA LIMITED,GUL,Materials
GLOBAL VALUE FUND LIMITED,GVF,Not Applic
GWA GROUP LIMITED.,GWA,Capital Goods
GWR GROUP LIMITED,GWR,Materials
GALAXY RESOURCES LIMITED,GXY,Materials
HASTINGS TECHNOLOGY METALS LTD,HAS,Materials
HAWTHORN RESOURCES LIMITED,HAW,Materials
HYDROCARBON DYNAMICS LIMITED,HCD,Energy
HOT CHILI LIMITED,HCH,Materials
HELIOS ENERGY LTD,HE8,Energy
HIGHFIELD RESOURCES LIMITED,HFR,Materials
HILLS LIMITED,HIL,Technology Hardware & Equipment
HELLOWORLD TRAVEL LIMITED,HLO,Consumer Services
HEALIUS LIMITED,HLS,Health Care Equipment & Services
HELIX RESOURCES LIMITED,HLX,Materials
HEARTS AND MINDS INVESTMENTS LIMITED,HM1,Not Applic
HOME CONSORTIUM,HMC,Real Estate
HERAMED LIMITED,HMD,Health Care Equipment & Services
HAMMER METALS LIMITED,HMX,Materials
HANNANS LTD,HNR,Materials
HOTEL PROPERTY INVESTMENTS,HPI,Real Estate
HRL HOLDINGS LTD,HRL,Commercial & Professional Services
HORIZON GOLD LIMITED,HRN,Materials
HERON RESOURCES LIMITED,HRR,Materials
HORIZON MINERALS LIMITED,HRZ,Materials
HSC TECHNOLOGY GROUP LTD,HSC,Software & Services
HANSEN TECHNOLOGIES LIMITED,HSN,Software & Services
HT&E LIMITED,HT1,Media & Entertainment
HARRIS TECHNOLOGY GROUP LIMITED,HT8,Retailing
HUTCHISON TELECOMMUNICATIONS (AUSTRALIA) LIMITED,HTA,Telecommunication Services
HARVEST TECHNOLOGY GROUP LTD,HTG,Technology Hardware & Equipment
HUB24 LIMITED,HUB,Diversified Financials
HUON AQUACULTURE GROUP LIMITED,HUO,Food Beverage & Tobacco
HARVEY NORMAN HOLDINGS LIMITED,HVN,Retailing
HOUSTON WE HAVE LIMITED,HWH,Software & Services
HAWKSTONE MINING LIMITED,HWK,Materials
HYDRIX LIMITED,HYD,Technology Hardware & Equipment
HORIZON OIL LIMITED,HZN,Energy
HAZER GROUP LIMITED,HZR,Materials
INSURANCE AUSTRALIA GROUP LIMITED,IAG,Insurance
INVESTEC AUSTRALIA PROPERTY FUND,IAP,Real Estate
IRONBARK CAPITAL LIMITED,IBC,Not Applic
IRONBARK ZINC LTD,IBG,Materials
IMAGION BIOSYSTEMS LIMITED,IBX,Health Care Equipment & Services
ICETANA LIMITED,ICE,Software & Services
INCA MINERALS LIMITED,ICG,Materials
ICANDY INTERACTIVE LIMITED,ICI,Media & Entertainment
ICON ENERGY LIMITED,ICN,Energy
ICAR ASIA LIMITED,ICQ,Media & Entertainment
INTELICARE HOLDINGS LIMITED,ICR,Health Care Equipment & Services
ICSGLOBAL LIMITED,ICS,Health Care Equipment & Services
IDENTITII LIMITED,ID8,Software & Services
INTEGRAL DIAGNOSTICS LIMITED,IDX,Health Care Equipment & Services
IDP EDUCATION LIMITED,IEL,Consumer Services
IOOF HOLDINGS LIMITED,IFL,Diversified Financials
INFOMEDIA LTD,IFM,Software & Services
INFIGEN ENERGY,IFN,Utilities
INFRATIL LIMITED.,IFT,Utilities
IVE GROUP LIMITED,IGL,Media & Entertainment
IGNITE LIMITED,IGN,Commercial & Professional Services
IGO LIMITED,IGO,Materials
INCANNEX HEALTHCARE LIMITED,IHL,Pharmaceuticals Biotechnology & Life Sciences
INTELLIHR LIMITED,IHR,Software & Services
IKEGPS GROUP LIMITED,IKE,Technology Hardware & Equipment
ILUKA RESOURCES LIMITED,ILU,Materials
IMAGE RESOURCES NL,IMA,Materials
IMMURON LIMITED,IMC,Pharmaceuticals Biotechnology & Life Sciences
IMDEX LIMITED,IMD,Materials
IMEXHS LIMITED,IME,Health Care Equipment & Services
IMMUTEP LIMITED,IMM,Pharmaceuticals Biotechnology & Life Sciences
IMRICOR MEDICAL SYSTEMS INC.,IMR,Health Care Equipment & Services
IMPELUS LIMITED,IMS,Media & Entertainment
IMUGENE LIMITED,IMU,Pharmaceuticals Biotechnology & Life Sciences
INGENIA COMMUNITIES GROUP,INA,Real Estate
INFINITY LITHIUM CORPORATION LIMITED,INF,Materials
INGHAMS GROUP LIMITED,ING,Food Beverage & Tobacco
INCENTIAPAY LIMITED,INP,Retailing
IONEER LTD,INR,Materials
INTEGRATED PAYMENT TECHNOLOGIES LIMITED,IP1,Software & Services
IPB PETROLEUM LIMITED,IPB,Energy
IMPEDIMED LIMITED,IPD,Health Care Equipment & Services
IPH LIMITED,IPH,Commercial & Professional Services
INCITEC PIVOT LIMITED,IPL,Materials
IMPACT MINERALS LIMITED,IPT,Materials
IRON ROAD LIMITED,IRD,Materials
IRESS LIMITED,IRE,Software & Services
INTEGRATED RESEARCH LIMITED,IRI,Software & Services
ISELECT LIMITED.,ISU,Consumer Services
INVOCARE LIMITED,IVC,Consumer Services
INVESTIGATOR RESOURCES LTD,IVR,Materials
INVENTIS LIMITED,IVT,Commercial & Professional Services
INVICTUS ENERGY LTD,IVZ,Energy
INVEX THERAPEUTICS LTD,IXC,Pharmaceuticals Biotechnology & Life Sciences
IONIC RARE EARTHS LIMITED,IXR,Materials
JANISON EDUCATION GROUP LIMITED,JAN,Software & Services
JATCORP LIMITED,JAT,Retailing
JB HI-FI LIMITED,JBH,Retailing
JCURVE SOLUTIONS LTD,JCS,Software & Services
JADAR RESOURCES LIMITED,JDR,Materials
JAPARA HEALTHCARE LIMITED,JHC,Health Care Equipment & Services
JANUS HENDERSON GROUP PLC,JHG,Diversified Financials
JAYEX HEALTHCARE LIMITED,JHL,Health Care Equipment & Services
JAMES HARDIE INDUSTRIES PLC,JHX,Materials
JUMBO INTERACTIVE LIMITED,JIN,Consumer Services
JOHNS LYNG GROUP LIMITED,JLG,Capital Goods
JUPITER ENERGY LIMITED,JPR,Energy
JINDALEE RESOURCES LIMITED,JRL,Materials
JERVOIS MINING LIMITED,JRV,Materials
JAXSTA LTD,JXT,Software & Services
JOYCE CORPORATION LTD,JYC,Retailing
K2FLY LIMITED,K2F,Software & Services
KAIROS MINERALS LIMITED,KAI,Materials
K2 ASSET MANAGEMENT HOLDINGS LTD,KAM,Diversified Financials
KAROON ENERGY LTD,KAR,Energy
KINGSGATE CONSOLIDATED LIMITED.,KCN,Materials
KOGI IRON LIMITED,KFE,Materials
KGL RESOURCES LIMITED,KGL,Materials
KOGAN.COM LTD,KGN,Retailing
KIN MINING NL,KIN,Materials
KING ISLAND SCHEELITE LIMITED,KIS,Materials
KINETIKO ENERGY LTD,KKO,Energy
KIRKLAND LAKE GOLD LTD,KLA,Materials
KALIUM LAKES LIMITED,KLL,Materials
KATHMANDU HOLDINGS LIMITED,KMD,Retailing
KIP MCGRATH EDUCATION CENTRES LIMITED,KME,Consumer Services
KNEOMEDIA LIMITED,KNM,Media & Entertainment
KNOSYS LIMITED,KNO,Software & Services
KORAB RESOURCES LIMITED,KOR,Materials
KORVEST LTD,KOV,Capital Goods
KORE POTASH PLC,KP2,Materials
KINA PETROLEUM CORPORATION,KPE,Energy
KELLY PARTNERS GROUP HOLDINGS LIMITED,KPG,Commercial & Professional Services
KALINA POWER LIMITED,KPO,Utilities
KANGAROO ISLAND PLANTATION TIMBERS LTD,KPT,Materials
KING RIVER RESOURCES LIMITED,KRR,Materials
KINA SECURITIES LIMITED,KSL,Banks
KINGSTON RESOURCES LIMITED,KSN,Materials
KLEOS SPACE S.A,KSS,Commercial & Professional Services
KRAKATOA RESOURCES LIMITED,KTA,Materials
KEYTONE DAIRY CORPORATION LIMITED,KTD,Food Beverage & Tobacco
K-TIG LIMITED,KTG,Capital Goods
KYCKR LIMITED,KYK,Software & Services
KAZIA THERAPEUTICS LIMITED,KZA,Pharmaceuticals Biotechnology & Life Sciences
KALAMAZOO RESOURCES LIMITED,KZR,Materials
LASERBOND LIMITED,LBL,Capital Goods
LBT INNOVATIONS LIMITED,LBT,Health Care Equipment & Services
LAYBUY GROUP HOLDINGS LIMITED,LBY,Software & Services
LATITUDE CONSOLIDATED LIMITED,LCD,Materials
LOS CERROS LIMITED,LCL,Materials
LEGACY IRON ORE LIMITED,LCY,Materials
LEGEND MINING LIMITED,LEG,Materials
ALE PROPERTY GROUP,LEP,Real Estate
LEFROY EXPLORATION LIMITED,LEX,Materials
LITTLE GREEN PHARMA LTD,LGP,Pharmaceuticals Biotechnology & Life Sciences
LIFESTYLE COMMUNITIES LIMITED,LIC,Real Estate
LINDIAN RESOURCES LIMITED,LIN,Materials
LITHIUM AUSTRALIA NL,LIT,Materials
LAKE RESOURCES N.L.,LKE,Materials
LENDLEASE GROUP,LLC,Real Estate
LION ONE METALS LIMITED,LLO,Materials
LIMEADE INC.,LME,Software & Services
LINK ADMINISTRATION HOLDINGS LIMITED,LNK,Software & Services
LINIUS TECHNOLOGIES LIMITED,LNU,Software & Services
LOTUS RESOURCES LIMITED,LOT,Materials
LOVISA HOLDINGS LIMITED,LOV,Retailing
LOCALITY PLANNING ENERGY HOLDINGS LIMITED,LPE,Utilities
LITHIUM POWER INTERNATIONAL LIMITED,LPI,Materials
LARK DISTILLING CO. LTD,LRK,Food Beverage & Tobacco
LATIN RESOURCES LIMITED,LRS,Materials
LACHLAN STAR LIMITED,LSA,Materials
L1 LONG SHORT FUND LIMITED,LSF,Not Applic
LIFESPOT HEALTH LTD,LSH,Health Care Equipment & Services
LION SELECTION GROUP LIMITED.,LSX,Not Applic
LIVEHIRE LIMITED,LVH,Software & Services
LIVETILES LIMITED,LVT,Software & Services
LYNAS CORPORATION LIMITED,LYC,Materials
LYCOPODIUM LIMITED,LYL,Capital Goods
MIRAMAR RESOURCES LIMITED,M2R,Class Pend
MACH7 TECHNOLOGIES LIMITED,M7T,Health Care Equipment & Services
M8 SUSTAINABLE LIMITED,M8S,Commercial & Professional Services
MONASH ABSOLUTE INVESTMENT COMPANY LIMITED,MA1,Not Applic
MACMAHON HOLDINGS LIMITED,MAH,Materials
MAINSTREAM GROUP HOLDINGS LIMITED,MAI,Diversified Financials
MANDRAKE RESOURCES LIMITED,MAN,Materials
MACQUARIE TELECOM GROUP LIMITED,MAQ,Telecommunication Services
MALACHITE RESOURCES LIMITED,MAR,Materials
MATSA RESOURCES LIMITED,MAT,Materials
MAGNETIC RESOURCES NL,MAU,Materials
MELBANA ENERGY LIMITED,MAY,Energy
METAL BANK LIMITED,MBK,Materials
MURRAY COD AUSTRALIA LIMITED,MCA,Food Beverage & Tobacco
MCPHERSON'S LIMITED,MCP,Household & Personal Products
MINCOR RESOURCES NL,MCR,Materials
METALICITY LIMITED,MCT,Materials
MERCURY NZ LIMITED,MCY,Utilities
MEDLAB CLINICAL LIMITED,MDC,Pharmaceuticals Biotechnology & Life Sciences
MIDDLE ISLAND RESOURCES LIMITED,MDI,Materials
MCGRATH LIMITED,MEA,Real Estate
MORPHIC ETHICAL EQUITIES FUND LIMITED,MEC,Diversified Financials
METEORIC RESOURCES NL,MEI,Materials
MEMPHASYS LIMITED.,MEM,Pharmaceuticals Biotechnology & Life Sciences
MINOTAUR EXPLORATION LTD,MEP,Materials
MARENICA ENERGY LTD,MEY,Energy
MERIDIAN ENERGY LIMITED,MEZ,Utilities
MAYFIELD CHILDCARE LIMITED,MFD,Consumer Services
MFF CAPITAL INVESTMENTS LIMITED,MFF,Not Applic
MAGELLAN FINANCIAL GROUP LIMITED,MFG,Diversified Financials
MAGELLAN GLOBAL TRUST,MGG,Not Applic
MIRVAC GROUP,MGR,Real Estate
MAGNETITE MINES LIMITED.,MGT,Materials
MUSGRAVE MINERALS LIMITED,MGV,Materials
MOUNT GIBSON IRON LIMITED,MGX,Materials
MANHATTAN CORPORATION LIMITED,MHC,Energy
MAGELLAN HIGH CONVICTION TRUST,MHH,Not Applic
MICHAEL HILL INTERNATIONAL LIMITED,MHJ,Retailing
MINERAL RESOURCES LIMITED,MIN,Materials
MACARTHUR MINERALS LIMITED,MIO,Materials
MIRRABOOKA INVESTMENTS LIMITED,MIR,Not Applic
MAKO GOLD LIMITED,MKG,Materials
MACA LIMITED,MLD,Materials
MALI LITHIUM LIMITED,MLL,Materials
MILTON CORPORATION LIMITED,MLT,Not Applic
METALS X LIMITED,MLX,Materials
MONEYME LIMITED,MME,Diversified Financials
METRO MINING LIMITED,MMI,Materials
MEDUSA MINING LIMITED,MML,Materials
MARLEY SPOON AG,MMM,Consumer Services
MCMILLAN SHAKESPEARE LIMITED,MMS,Commercial & Professional Services
MONADELPHOUS GROUP LIMITED,MND,Capital Goods
MNF GROUP LIMITED,MNF,Telecommunication Services
MAGNIS ENERGY TECHNOLOGIES LTD,MNS,Materials
MONEY3 CORPORATION LIMITED,MNY,Diversified Financials
MOBILICOM LIMITED,MOB,Technology Hardware & Equipment
MORTGAGE CHOICE LIMITED,MOC,Banks
MOELIS AUSTRALIA LIMITED,MOE,Diversified Financials
MCP INCOME OPPORTUNITIES TRUST,MOT,Not Applic
MOSAIC BRANDS LIMITED,MOZ,Retailing
MEGAPORT LIMITED,MP1,Software & Services
MEDIBANK PRIVATE LIMITED,MPL,Insurance
METRO PERFORMANCE GLASS LIMITED,MPP,Capital Goods
MPOWER GROUP LIMITED,MPR,Diversified Financials
MACQUARIE GROUP LIMITED,MQG,Diversified Financials
MARQUEE RESOURCES LIMITED,MQR,Materials
MURRAY RIVER ORGANICS GROUP LIMITED,MRG,Food Beverage & Tobacco
MRG METALS LIMITED,MRQ,Materials
MINREX RESOURCES LIMITED,MRR,Materials
MESOBLAST LIMITED,MSB,Pharmaceuticals Biotechnology & Life Sciences
METALSEARCH LIMITED,MSE,Materials
MCS SERVICES LIMITED,MSG,Commercial & Professional Services
MULTISTACK INTERNATIONAL LIMITED,MSI,Capital Goods
MSM CORPORATION INTERNATIONAL LTD,MSM,Media & Entertainment
MANAS RESOURCES LIMITED,MSR,Materials
MITCHELL SERVICES LIMITED,MSV,Materials
MOUNT BURGESS MINING NL,MTB,Materials
METALSTECH LIMITED,MTC,Materials
MITHRIL RESOURCES LIMITED,MTH,Materials
MOTORCYCLE HOLDINGS LIMITED,MTO,Retailing
METCASH LIMITED,MTS,Food & Staples Retailing
MONASH IVF GROUP LIMITED,MVF,Health Care Equipment & Services
MEDICAL DEVELOPMENTS INTERNATIONAL LIMITED,MVP,Pharmaceuticals Biotechnology & Life Sciences
MGM WIRELESS LIMITED,MWR,Media & Entertainment
MIDWAY LIMITED,MWY,Materials
MICRO-X LIMITED,MX1,Health Care Equipment & Services
MGC PHARMACEUTICALS LTD,MXC,Pharmaceuticals Biotechnology & Life Sciences
MAXITRANS INDUSTRIES LIMITED,MXI,Capital Goods
MAXIMUS RESOURCES LIMITED,MXR,Materials
MYDEAL.COM.AU LIMITED,MYD,Retailing
MASTERMYNE GROUP LIMITED,MYE,Materials
MYANMAR METALS LIMITED,MYL,Materials
MYFIZIQ LIMITED,MYQ,Software & Services
MYER HOLDINGS LIMITED,MYR,Retailing
MYSTATE LIMITED,MYS,Banks
MAYNE PHARMA GROUP LIMITED,MYX,Pharmaceuticals Biotechnology & Life Sciences
MATADOR MINING LIMITED,MZZ,Materials
N1 HOLDINGS LIMITED,N1H,Banks
NATIONAL AUSTRALIA BANK LIMITED,NAB,Banks
NAOS EX-50 OPPORTUNITIES COMPANY LIMITED,NAC,Not Applic
NEW AGE EXPLORATION LIMITED,NAE,Energy
NAMOI COTTON LIMITED,NAM,Commercial & Professional Services
NANOSONICS LIMITED,NAN,Health Care Equipment & Services
NB GLOBAL CORPORATE INCOME TRUST,NBI,Not Applic
NANOLLOSE LIMITED,NC6,Pharmaceuticals Biotechnology & Life Sciences
NAOS EMERGING OPPORTUNITIES COMPANY LIMITED,NCC,Not Applic
NICK SCALI LIMITED,NCK,Retailing
NEWCREST MINING LIMITED,NCM,Materials
NUCOAL RESOURCES LIMITED,NCR,Materials
NEW CENTURY RESOURCES LIMITED,NCZ,Materials
NEARMAP LTD,NEA,Software & Services
NINE ENTERTAINMENT CO. HOLDINGS LIMITED,NEC,Media & Entertainment
NELSON RESOURCES LIMITED.,NES,Materials
NETLINKZ LIMITED,NET,Software & Services
NEUREN PHARMACEUTICALS LIMITED,NEU,Pharmaceuticals Biotechnology & Life Sciences
NGE CAPITAL LIMITED,NGE,Not Applic
NAVIGATOR GLOBAL INVESTMENTS LIMITED,NGI,Diversified Financials
NUENERGY GAS LIMITED,NGY,Energy
NEW HOPE CORPORATION LIMITED,NHC,Energy
NIB HOLDINGS LIMITED,NHF,Insurance
NICKEL MINES LIMITED,NIC,Materials
NEX METALS EXPLORATION LIMITED,NME,Materials
NEOMETALS LTD,NMT,Materials
NOVATTI GROUP LIMITED,NOV,Software & Services
NOXOPHARM LIMITED,NOX,Pharmaceuticals Biotechnology & Life Sciences
NEUROSCIENTIFIC BIOPHARMACEUTICALS LTD,NSB,Pharmaceuticals Biotechnology & Life Sciences
NAOS SMALL CAP OPPORTUNITIES COMPANY LIMITED,NSC,Not Applic
NORTH STAWELL MINERALS LTD,NSM,Class Pend
NATIONAL STORAGE REIT,NSR,Real Estate
NORTHERN STAR RESOURCES LTD,NST,Materials
NSX LIMITED,NSX,Diversified Financials
NATIONAL TYRE & WHEEL LIMITED,NTD,Retailing
NEUROTECH INTERNATIONAL LIMITED,NTI,Health Care Equipment & Services
NTM GOLD LIMITED,NTM,Materials
NITRO SOFTWARE LIMITED,NTO,Software & Services
NORTHERN MINERALS LIMITED,NTU,Materials
NUCHEV LIMITED,NUC,Food Beverage & Tobacco
NUFARM LIMITED,NUF,Materials
NUHEARA LIMITED,NUH,Technology Hardware & Equipment
NOVA MINERALS LIMITED,NVA,Materials
NVOI LTD,NVO,Media & Entertainment
NOVONIX LIMITED,NVX,Technology Hardware & Equipment
NEW WORLD RESOURCES LIMITED,NWC,Materials
NRW HOLDINGS LIMITED,NWH,Capital Goods
NETWEALTH GROUP LIMITED,NWL,Diversified Financials
NORWEST MINERALS LIMITED,NWM,Materials
NEWS CORPORATION..,NWS,Media & Entertainment
NEWS CORPORATION..,NWSLV,Media & Entertainment
NEXUS MINERALS LIMITED,NXM,Materials
NEXT SCIENCE LIMITED,NXS,Health Care Equipment & Services
NEXTDC LIMITED,NXT,Software & Services
NYRADA INC.,NYR,Pharmaceuticals Biotechnology & Life Sciences
NEW ZEALAND KING SALMON INVESTMENTS LIMITED,NZK,Food Beverage & Tobacco
NZME LIMITED,NZM,Media & Entertainment
NEW ZEALAND COASTAL SEAFOODS LIMITED,NZS,Food Beverage & Tobacco
OAKDALE RESOURCES LIMITED,OAR,Materials
ORA GOLD LIMITED,OAU,Materials
OMNI BRIDGEWAY LIMITED,OBL,Diversified Financials
ORA BANDA MINING LTD,OBM,Materials
OBJECTIVE CORPORATION LIMITED,OCL,Software & Services
ORCODA LIMITED,ODA,Software & Services
ODIN METALS LIMITED,ODM,Materials
ORBITAL CORPORATION LIMITED,OEC,Capital Goods
OFX GROUP LIMITED,OFX,Diversified Financials
OCEAN GROWN ABALONE LIMITED,OGA,Food Beverage & Tobacco
OCEANAGOLD CORPORATION,OGC,Materials
OPTISCAN IMAGING LIMITED,OIL,Health Care Equipment & Services
OKAPI RESOURCES LIMITED,OKR,Materials
OKLO RESOURCES LIMITED,OKU,Materials
OPENLEARNING LIMITED,OLL,Software & Services
OM HOLDINGS LIMITED,OMH,Materials
OOH!MEDIA LIMITED,OML,Media & Entertainment
ONEVIEW HEALTHCARE PLC,ONE,Health Care Equipment & Services
1300 SMILES LIMITED,ONT,Health Care Equipment & Services
ORMINEX LTD,ONX,Materials
OPTICOMM LTD,OPC,Telecommunication Services
OPHIR HIGH CONVICTION FUND,OPH,Not Applic
OPYL LIMITED,OPL,Software & Services
OPTHEA LIMITED,OPT,Pharmaceuticals Biotechnology & Life Sciences
OPENPAY GROUP LTD,OPY,Diversified Financials
ORORA LIMITED,ORA,Materials
OROCOBRE LIMITED,ORE,Materials
ORIGIN ENERGY LIMITED,ORG,Energy
ORICA LIMITED,ORI,Materials
ORION MINERALS LTD,ORN,Materials
OIL SEARCH LIMITED,OSH,Energy
OSPREY MEDICAL INC,OSP,Health Care Equipment & Services
OSTEOPORE LIMITED,OSX,Health Care Equipment & Services
OVER THE WIRE HOLDINGS LIMITED,OTW,Software & Services
OVENTUS MEDICAL LIMITED,OVN,Health Care Equipment & Services
OZGROWTH LIMITED,OZG,Not Applic
OZ MINERALS LIMITED,OZL,Materials
PHARMAUST LIMITED,PAA,Pharmaceuticals Biotechnology & Life Sciences
PATRYS LIMITED,PAB,Pharmaceuticals Biotechnology & Life Sciences
PACIFIC CURRENT GROUP LIMITED,PAC,Diversified Financials
PM CAPITAL ASIAN OPPORTUNITIES FUND LIMITED,PAF,Not Applic
PLATINUM ASIA INVESTMENTS LIMITED,PAI,Not Applic
PACIFIC AMERICAN HOLDINGS LIMITED,PAK,Materials
PALLA PHARMA LIMITED,PAL,Pharmaceuticals Biotechnology & Life Sciences
PAN ASIA METALS LIMITED,PAM,Materials
PANORAMIC RESOURCES LIMITED,PAN,Materials
PARADIGM BIOPHARMACEUTICALS LIMITED..,PAR,Pharmaceuticals Biotechnology & Life Sciences
POINTSBET HOLDINGS LIMITED,PBH,Consumer Services
PROBIOTEC LIMITED,PBP,Pharmaceuticals Biotechnology & Life Sciences
PERPETUAL CREDIT INCOME TRUST,PCI,Not Applic
PAINCHEK LTD,PCK,Health Care Equipment & Services
PENDAL GROUP LIMITED,PDL,Diversified Financials
PALADIN ENERGY LTD,PDN,Energy
PENGANA PRIVATE EQUITY TRUST,PE1,Not Applic
PERPETUAL RESOURCES LIMITED,PEC,Materials
PEAK RESOURCES LIMITED,PEK,Materials
PENINSULA ENERGY LIMITED,PEN,Energy
PEEL MINING LIMITED,PEX,Materials
PRIME FINANCIAL GROUP LIMITED,PFG,Diversified Financials
PROPEL FUNERAL PARTNERS LIMITED,PFP,Consumer Services
PURE FOODS TASMANIA LIMITED,PFT,Food Beverage & Tobacco
PARAGON CARE LIMITED,PGC,Health Care Equipment & Services
PM CAPITAL GLOBAL OPPORTUNITIES FUND LIMITED,PGF,Not Applic
PARTNERS GROUP GLOBAL INCOME FUND,PGG,Not Applic
PACT GROUP HOLDINGS LTD,PGH,Materials
PANTERRA GOLD LIMITED,PGI,Materials
PROSPA GROUP LIMITED.,PGL,Diversified Financials
PLATINA RESOURCES LIMITED,PGM,Materials
PRIMERO GROUP LIMITED,PGX,Capital Goods
PENGANA INTERNATIONAL EQUITIES LIMITED,PIA,Not Applic
PERPETUAL EQUITY INVESTMENT COMPANY LIMITED,PIC,Not Applic
PROTEOMICS INTERNATIONAL LABORATORIES LTD,PIQ,Pharmaceuticals Biotechnology & Life Sciences
PARKD LTD,PKD,Commercial & Professional Services
PEAKO LIMITED,PKO,Energy
PKS HOLDINGS LIMITED,PKS,Health Care Equipment & Services
PIEDMONT LITHIUM LTD,PLL,Materials
PILBARA MINERALS LIMITED,PLS,Materials
PLENTI GROUP LIMITED,PLT,Diversified Financials
PURE MINERALS LIMITED,PM1,Materials
PENSANA RARE EARTHS PLC,PM8,Materials
PLATINUM CAPITAL LIMITED,PMC,Not Applic
PRO MEDICUS LIMITED,PME,Health Care Equipment & Services
PREMIER INVESTMENTS LIMITED,PMV,Retailing
PACIFICO MINERALS LIMITED,PMY,Materials
PIONEER CREDIT LIMITED,PNC,Diversified Financials
PINNACLE INVESTMENT MANAGEMENT GROUP LIMITED,PNI,Diversified Financials
PEPINNINI MINERALS LIMITED,PNN,Materials
PANTORO LIMITED,PNR,Materials
POLYNOVO LIMITED,PNV,Health Care Equipment & Services
PURIFLOH LIMITED,PO3,Utilities
PODIUM MINERALS LIMITED,POD,Materials
POSEIDON NICKEL LIMITED,POS,Materials
PROTEAN ENERGY LIMITED,POW,Capital Goods
PEET LIMITED,PPC,Real Estate
PEOPLE INFRASTRUCTURE LTD,PPE,Commercial & Professional Services
PRO-PAC PACKAGING LIMITED,PPG,Materials
PUSHPAY HOLDINGS LIMITED,PPH,Software & Services
PPK GROUP LIMITED,PPK,Capital Goods
PRAEMIUM LIMITED,PPS,Software & Services
PERPETUAL LIMITED,PPT,Diversified Financials
PAPYRUS AUSTRALIA LIMITED,PPY,Materials
PERENTI GLOBAL LIMITED,PRN,Materials
PROPHECY INTERNATIONAL HOLDINGS LIMITED,PRO,Software & Services
PRIME MEDIA GROUP LIMITED,PRT,Media & Entertainment
PERSEUS MINING LIMITED,PRU,Materials
PRODIGY GOLD NL,PRX,Materials
PSC INSURANCE GROUP LIMITED,PSI,Insurance
PACIFIC SMILES GROUP LIMITED,PSQ,Health Care Equipment & Services
PENTAL LIMITED,PTL,Household & Personal Products
PLATINUM ASSET MANAGEMENT LIMITED,PTM,Diversified Financials
PETRATHERM LTD,PTR,Materials
PRESCIENT THERAPEUTICS LIMITED,PTX,Pharmaceuticals Biotechnology & Life Sciences
PEAK MINERALS LIMITED,PUA,Materials
PURSUIT MINERALS LTD,PUR,Materials
PIVOTAL SYSTEMS CORPORATION,PVS,Semiconductors & Semiconductor Equipment
PRIMEWEST,PWG,Real Estate
PWR HOLDINGS LIMITED,PWH,Automobiles & Components
PARKWAY MINERALS NL,PWN,Materials
PHARMAXIS LTD,PXS,Pharmaceuticals Biotechnology & Life Sciences
POLARX LIMITED,PXX,Materials
PYC THERAPEUTICS LIMITED,PYC,Pharmaceuticals Biotechnology & Life Sciences
PAYGROUP LIMITED,PYG,Software & Services
QANTAS AIRWAYS LIMITED,QAN,Transportation
QBE INSURANCE GROUP LIMITED,QBE,Insurance
QEM LIMITED,QEM,Materials
QUICKFEE LIMITED,QFE,Diversified Financials
QUICKSTEP HOLDINGS LIMITED,QHL,Capital Goods
QANTM INTELLECTUAL PROPERTY LIMITED,QIP,Commercial & Professional Services
QUALITAS REAL ESTATE INCOME FUND,QRI,Not Applic
QUBE HOLDINGS LIMITED,QUB,Transportation
QV EQUITIES LIMITED,QVE,Not Applic
RACE ONCOLOGY LTD,RAC,Pharmaceuticals Biotechnology & Life Sciences
RANGE INTERNATIONAL LIMITED,RAN,Materials
REDBUBBLE LIMITED,RBL,Retailing
RECCE PHARMACEUTICALS LTD,RCE,Pharmaceuticals Biotechnology & Life Sciences
READCLOUD LIMITED,RCL,Software & Services
REDBANK COPPER LIMITED,RCP,Materials
REEF CASINO TRUST,RCT,Consumer Services
RIGHTCROWD LIMITED,RCW,Software & Services
REDCAPE HOTEL GROUP,RDC,Consumer Services
REDFLEX HOLDINGS LIMITED,RDF,Technology Hardware & Equipment
RESOURCE DEVELOPMENT GROUP LIMITED,RDG,Capital Goods
REDHILL EDUCATION LIMITED,RDH,Consumer Services
RED METAL LIMITED,RDM,Materials
RAIDEN RESOURCES LIMITED,RDN,Materials
REDSTONE RESOURCES LIMITED,RDS,Materials
READYTECH HOLDINGS LIMITED,RDY,Software & Services
REA GROUP LTD,REA,Media & Entertainment
RED 5 LIMITED,RED,Materials
RAREX LIMITED,REE,Materials
REGIS HEALTHCARE LIMITED,REG,Health Care Equipment & Services
REECE LIMITED,REH,Capital Goods
REGIONAL EXPRESS HOLDINGS LIMITED,REX,Transportation
REY RESOURCES LIMITED,REY,Energy
RESOURCES & ENERGY GROUP LIMITED,REZ,Materials
REGAL INVESTMENT FUND,RF1,Not Applic
RURAL FUNDS GROUP,RFF,Real Estate
RETAIL FOOD GROUP LIMITED,RFG,Consumer Services
RAFAELLA RESOURCES LTD.,RFR,Materials
RECTIFIER TECHNOLOGIES LTD,RFT,Capital Goods
REDFLOW LIMITED,RFX,Capital Goods
ROTO-GRO INTERNATIONAL LIMITED,RGI,Capital Goods
RIVERSGOLD LIMITED,RGL,Materials
REGENEUS LTD,RGS,Pharmaceuticals Biotechnology & Life Sciences
RAMSAY HEALTH CARE LIMITED,RHC,Health Care Equipment & Services
RHIPE LIMITED,RHP,Software & Services
RESONANCE HEALTH LIMITED,RHT,Health Care Equipment & Services
RIDLEY CORPORATION LIMITED,RIC,Food Beverage & Tobacco
RIEDEL RESOURCES LIMITED,RIE,Materials
RIMFIRE PACIFIC MINING NL,RIM,Materials
RIO TINTO LIMITED,RIO,Materials
RECKON LIMITED,RKN,Software & Services
REEDY LAGOON CORPORATION LIMITED,RLC,Materials
REAL ENERGY CORPORATION LIMITED,RLE,Energy
ROOLIFE GROUP LTD,RLG,Media & Entertainment
RENERGEN LIMITED,RLT,Energy
RESIMAC GROUP LTD,RMC,Banks
RESMED INC,RMD,Health Care Equipment & Services
RESOURCE MINING CORPORATION LIMITED,RMI,Materials
RESOLUTION MINERALS LTD,RML,Materials
RED EMPEROR RESOURCES NL,RMP,Energy
RAMELIUS RESOURCES LIMITED,RMS,Materials
RED MOUNTAIN MINING LIMITED,RMX,Materials
RMA GLOBAL LIMITED,RMY,Media & Entertainment
RAND MINING LIMITED,RND,Materials
RHINOMED LIMITED,RNO,Pharmaceuticals Biotechnology & Life Sciences
RENEGADE EXPLORATION LIMITED,RNX,Materials
ROOTS SUSTAINABLE AGRICULTURAL TECHNOLOGIES LTD,ROO,Capital Goods
REGIS RESOURCES LIMITED,RRL,Materials
RESOLUTE MINING LIMITED,RSG,Materials
RESPIRI LIMITED,RSH,Health Care Equipment & Services
RTG MINING INC.,RTG,Materials
RPMGLOBAL HOLDINGS LIMITED,RUL,Software & Services
RED RIVER RESOURCES LIMITED,RVR,Materials
REVASUM INC.,RVS,Semiconductors & Semiconductor Equipment
RELIANCE WORLDWIDE CORPORATION LIMITED,RWC,Capital Goods
REWARD MINERALS LTD,RWD,Materials
ROX RESOURCES LIMITED,RXL,Materials
REX MINERALS LIMITED,RXM,Materials
RXP SERVICES LIMITED,RXP,Software & Services
RYDER CAPITAL LIMITED,RYD,Not Applic
RAIZ INVEST LIMITED,RZI,Diversified Financials
S2 RESOURCES LTD,S2R,Materials
SOUTH32 LIMITED,S32,Materials
SARACEN MINERAL HOLDINGS LIMITED,SAR,Materials
SOUTHERN GOLD LIMITED,SAU,Materials
ST BARBARA LIMITED,SBM,Materials
SHEKEL BRAINWEIGH LTD,SBW,Software & Services
SCENTRE GROUP,SCG,Real Estate
SILVER CITY MINERALS LIMITED,SCI,Materials
SCHROLE GROUP LTD,SCL,Software & Services
SCORPION MINERALS LIMITED,SCN,Materials
SHOPPING CENTRES AUSTRALASIA PROPERTY GROUP,SCP,Real Estate
STEADFAST GROUP LIMITED,SDF,Insurance
SUNLAND GROUP LIMITED,SDG,Real Estate
SDI LIMITED,SDI,Health Care Equipment & Services
SCIDEV LTD,SDV,Materials
SENSERA LIMITED,SE1,Semiconductors & Semiconductor Equipment
SPHERIA EMERGING COMPANIES LIMITED,SEC,Not Applic
SPECIALITY METALS INTERNATIONAL LIMITED,SEI,Materials
SEEK LIMITED,SEK,Media & Entertainment
SENETAS CORPORATION LIMITED,SEN,Technology Hardware & Equipment
STRATEGIC ENERGY RESOURCES LIMITED,SER,Materials
SECOS GROUP LTD,SES,Materials
SCHAFFER CORPORATION LIMITED,SFC,Automobiles & Components
SEAFARMS GROUP LIMITED,SFG,Food Beverage & Tobacco
SANDFIRE RESOURCES LIMITED,SFR,Materials
SHEFFIELD RESOURCES LIMITED,SFX,Materials
SACGASCO LIMITED,SGC,Energy
SG FLEET GROUP LIMITED,SGF,Commercial & Professional Services
SLATER & GORDON LIMITED,SGH,Consumer Services
STEALTH GLOBAL HOLDINGS LTD,SGI,Capital Goods
RICEGROWERS LIMITED,SGLLV,Food Beverage & Tobacco
SIMS LIMITED,SGM,Materials
STOCKLAND,SGP,Real Estate
ST GEORGE MINING LIMITED,SGQ,Materials
THE STAR ENTERTAINMENT GROUP LIMITED,SGR,Consumer Services
STONEHORSE ENERGY LIMITED,SHE,Energy
SHREE MINERALS LIMITED,SHH,Materials
SHINE JUSTICE LTD,SHJ,Consumer Services
STONE RESOURCES AUSTRALIA LIMITED,SHK,Materials
SONIC HEALTHCARE LIMITED,SHL,Health Care Equipment & Services
SHRIRO HOLDINGS LIMITED,SHM,Consumer Durables & Apparel
SELECT HARVESTS LIMITED,SHV,Food Beverage & Tobacco
SIX SIGMA METALS LIMITED,SI6,Materials
SIGMA HEALTHCARE LIMITED,SIG,Health Care Equipment & Services
SMARTGROUP CORPORATION LTD,SIQ,Commercial & Professional Services
SIMBLE SOLUTIONS LIMITED,SIS,Software & Services
SIV CAPITAL LIMITED,SIV,Capital Goods
SKYCITY ENTERTAINMENT GROUP LIMITED,SKC,Consumer Services
SKYFII LTD,SKF,Software & Services
SPARK INFRASTRUCTURE GROUP,SKI,Utilities
SKIN ELEMENTS LIMITED,SKN,Household & Personal Products
SERKO LIMITED,SKO,Software & Services
SKY NETWORK TELEVISION LIMITED.,SKT,Media & Entertainment
SKY METALS LIMITED,SKY,Materials
SEALINK TRAVEL GROUP LIMITED,SLK,Consumer Services
SILVER LAKE RESOURCES LIMITED,SLR,Materials
SILEX SYSTEMS LIMITED,SLX,Semiconductors & Semiconductor Equipment
SULTAN RESOURCES LTD,SLZ,Materials
SYNLAIT MILK LIMITED,SM1,Food Beverage & Tobacco
SMARTPAY HOLDINGS LIMITED,SMP,Software & Services
STANMORE COAL LIMITED,SMR,Energy
SECURITY MATTERS LIMITED,SMX,Software & Services
SANDON CAPITAL INVESTMENTS LIMITED,SNC,Not Applic
SIREN GOLD LIMITED,SNG,Materials
SALT LAKE POTASH LIMITED,SO4,Materials
WASHINGTON H SOUL PATTINSON & COMPANY LIMITED,SOL,Energy
SOMNOMED LIMITED,SOM,Health Care Equipment & Services
SYNERTEC CORPORATION LIMITED,SOP,Commercial & Professional Services
STRATEGIC ELEMENTS LIMITED,SOR,Diversified Financials
SPECTUR LIMITED,SP3,Technology Hardware & Equipment
STARPHARMA HOLDINGS LIMITED,SPL,Pharmaceuticals Biotechnology & Life Sciences
SUPERIOR RESOURCES LIMITED,SPQ,Materials
SPLITIT PAYMENTS LTD,SPT,Software & Services
SAFEROADS HOLDINGS LIMITED,SRH,Transportation
SIPA RESOURCES LIMITED,SRI,Materials
SRJ TECHNOLOGIES GROUP PLC,SRJ,Energy
STRIKE RESOURCES LIMITED,SRK,Materials
SUREFIRE RESOURCES NL,SRN,Materials
SERVCORP LIMITED,SRV,Real Estate
STORY-I LIMITED,SRY,Retailing
SHAVER SHOP GROUP LIMITED,SSG,Retailing
SERVICE STREAM LIMITED,SSM,Capital Goods
SSR MINING INC.,SSR,Materials
SPIRIT TECHNOLOGY SOLUTIONS LTD,ST1,Telecommunication Services
STRANDLINE RESOURCES LIMITED,STA,Materials
STRAKER TRANSLATIONS LIMITED,STG,Media & Entertainment
SUNSTONE METALS LTD,STM,Materials
SATURN METALS LIMITED,STN,Materials
SANTOS LIMITED,STO,Energy
STRIKE ENERGY LIMITED,STX,Energy
SUDA PHARMACEUTICALS LTD,SUD,Pharmaceuticals Biotechnology & Life Sciences
SOUTHERN HEMISPHERE MINING LIMITED,SUH,Materials
SUPER RETAIL GROUP LIMITED,SUL,Retailing
SUNCORP GROUP LIMITED,SUN,Insurance
SUPERIOR LAKE RESOURCES LIMITED,SUP,Materials
SIMAVITA LIMITED,SVA,Health Care Equipment & Services
SCANDIVANADIUM LTD,SVD,Materials
SILVER MINES LIMITED,SVL,Materials
SOVEREIGN METALS LIMITED,SVM,Materials
SEVEN GROUP HOLDINGS LIMITED,SVW,Capital Goods
STAVELY MINERALS LIMITED,SVY,Materials
SWIFT MEDIA LIMITED,SW1,Media & Entertainment
SELFWEALTH LIMITED,SWF,Diversified Financials
SWICK MINING SERVICES LTD,SWK,Materials
SEVEN WEST MEDIA LIMITED,SWM,Media & Entertainment
SOUTHERN CROSS ELECTRICAL ENGINEERING LTD,SXE,Capital Goods
SOUTHERN CROSS MEDIA GROUP LIMITED,SXL,Media & Entertainment
SENEX ENERGY LIMITED,SXY,Energy
SAYONA MINING LIMITED,SYA,Materials
SYDNEY AIRPORT,SYD,Transportation
SYRAH RESOURCES LIMITED,SYR,Materials
SEZZLE INC.,SZL,Software & Services
TABCORP HOLDINGS LIMITED,TAH,Consumer Services
TANAMI GOLD NL,TAM,Materials
TAP OIL LIMITED,TAP,Energy
TARUGA MINERALS LIMITED,TAR,Materials
TASMAN RESOURCES LTD,TAS,Materials
TRANSURBAN GROUP,TCL,Transportation
TECHNICHE LIMITED.,TCN,Software & Services
TALI DIGITAL LIMITED,TD1,Health Care Equipment & Services
360 CAPITAL DIGITAL INFRASTRUCTURE FUND,TDI,Not Applic
3D OIL LIMITED,TDO,Energy
THORN GROUP LIMITED,TGA,Retailing
TRIBECA GLOBAL NATURAL RESOURCES LIMITED,TGF,Not Applic
TEMPLETON GLOBAL GROWTH FUND LIMITED,TGG,Not Applic
TERRAGEN HOLDINGS LIMITED,TGH,Materials
THETA GOLD MINES LIMITED,TGM,Materials
TUNGSTEN MINING NL,TGN,Materials
360 CAPITAL GROUP,TGP,Real Estate
TASSAL GROUP LIMITED,TGR,Food Beverage & Tobacco
THC GLOBAL GROUP LIMITED,THC,Pharmaceuticals Biotechnology & Life Sciences
THOR MINING PLC,THR,Materials
TIETTO MINERALS LIMITED,TIE,Materials
TNT MINES LIMITED,TIN,Materials
TEAMINVEST PRIVATE GROUP LIMITED,TIP,Diversified Financials
TRAKA RESOURCES LIMITED,TKL,Materials
TREK METALS LIMITED,TKM,Materials
TALGA RESOURCES LTD,TLG,Materials
TALISMAN MINING LIMITED,TLM,Materials
TELSTRA CORPORATION LIMITED.,TLS,Telecommunication Services
TILT RENEWABLES LIMITED.,TLT,Utilities
TELIX PHARMACEUTICALS LIMITED,TLX,Pharmaceuticals Biotechnology & Life Sciences
TRIGG MINING LTD.,TMG,Materials
TAMASKA OIL AND GAS LTD,TMK,Energy
TEMPUS RESOURCES LTD,TMR,Materials
TECHNOLOGY METALS AUSTRALIA LIMITED,TMT,Materials
TERRAIN MINERALS LIMITED,TMX,Materials
THOMSON RESOURCES LIMITED,TMZ,Materials
TECHNOLOGY ONE LIMITED,TNE,Software & Services
TNG LIMITED,TNG,Materials
THINK CHILDCARE GROUP,TNK,Consumer Services
TORIAN RESOURCES LIMITED,TNR,Materials
TESSERENT LIMITED,TNT,Software & Services
TINYBEANS GROUP LTD,TNY,Media & Entertainment
TORO ENERGY LIMITED,TOE,Energy
TRITON MINERALS LTD,TON,Materials
360 CAPITAL REIT,TOT,Diversified Financials
TEMPLE & WEBSTER GROUP LTD,TPW,Retailing
TANGA RESOURCES LIMITED,TRL,Materials
THE REJECT SHOP LIMITED,TRS,Retailing
TODD RIVER RESOURCES LIMITED,TRT,Materials
TROY RESOURCES LIMITED,TRY,Materials
TWENTY SEVEN CO. LIMITED,TSC,Energy
TESORO RESOURCES LIMITED,TSO,Materials
TOTAL BRAIN LIMITED,TTB,Health Care Equipment & Services
TRAFFIC TECHNOLOGIES LTD.,TTI,Transportation
TITAN MINERALS LIMITED,TTM,Materials
TITOMIC LIMITED,TTT,Materials
TUAS LIMITED,TUA,Telecommunication Services
TREASURY WINE ESTATES LIMITED,TWE,Food Beverage & Tobacco
TYMLEZ GROUP LIMITED,TYM,Software & Services
TYRO PAYMENTS LIMITED,TYR,Software & Services
TYRANNA RESOURCES LIMITED,TYX,Materials
UNIVERSAL BIOSENSORS INC.,UBI,Health Care Equipment & Services
URBANISE.COM LIMITED,UBN,Software & Services
USCOM LIMITED,UCM,Health Care Equipment & Services
UCW LIMITED,UCW,Consumer Services
UNITED MALT GROUP LIMITED,UMG,Food Beverage & Tobacco
UNITED NETWORKS LIMITED,UNL,Telecommunication Services
UNITED OVERSEAS AUSTRALIA LIMITED,UOS,Real Estate
UNIBAIL-RODAMCO-WESTFIELD,URW,Real Estate
ULTIMA UNITED LIMITED,UUL,Real Estate
UNITI GROUP LIMITED,UWL,Telecommunication Services
VANGO MINING LIMITED,VAN,Materials
VICINITY CENTRES,VCX,Real Estate
VIVA ENERGY GROUP LIMITED,VEA,Energy
VEEM LTD,VEE,Capital Goods
VINTAGE ENERGY LTD,VEN,Energy
VGI PARTNERS GLOBAL INVESTMENTS LIMITED,VG1,Not Applic
VGI PARTNERS ASIAN INVESTMENTS LIMITED,VG8,Not Applic
VGI PARTNERS LIMITED,VGI,Diversified Financials
VISTA GROUP INTERNATIONAL LIMITED.,VGL,Software & Services
VOLPARA HEALTH TECHNOLOGIES LIMITED,VHT,Health Care Equipment & Services
VIP GLOVES LTD,VIP,Health Care Equipment & Services
VIKING MINES LIMITED,VKA,Materials
VITA LIFE SCIENCES LIMITED..,VLS,Pharmaceuticals Biotechnology & Life Sciences
VENUS METALS CORPORATION LIMITED,VMC,Materials
VITAL METALS LIMITED,VML,Materials
VMOTO LIMITED,VMT,Automobiles & Components
VIMY RESOURCES LIMITED,VMY,Energy
VONEX LIMITED..,VN8,Telecommunication Services
VOCUS GROUP LIMITED,VOC,Telecommunication Services
VICTORY OFFICES LIMITED,VOL,Real Estate
VORTIV LIMITED,VOR,Software & Services
VECTION TECHNOLOGIES LTD,VR1,Software & Services
VOLT RESOURCES LIMITED,VRC,Materials
VILLAGE ROADSHOW LIMITED,VRL,Media & Entertainment
VERIS LIMITED,VRS,Commercial & Professional Services
VIRTUS HEALTH LIMITED,VRT,Health Care Equipment & Services
VRX SILICA LIMITED,VRX,Materials
VITA GROUP LIMITED,VTG,Retailing
VITALHARVEST FREEHOLD TRUST,VTH,Real Estate
VISIONEERING TECHNOLOGIES INC.,VTI,Health Care Equipment & Services
VIRGIN MONEY UK PLC,VUK,Banks
VIVA LEISURE LIMITED,VVA,Consumer Services
VENTUREX RESOURCES LIMITED,VXR,Materials
VYSARN LIMITED,VYS,Materials
WAM ACTIVE LIMITED,WAA,Not Applic
WEST AFRICAN RESOURCES LIMITED,WAF,Materials
WAM CAPITAL LIMITED,WAM,Not Applic
WAM RESEARCH LIMITED,WAX,Not Applic
WESTPAC BANKING CORPORATION,WBC,Banks
WEEBIT NANO LTD,WBT,Technology Hardware & Equipment
WHITE CLIFF MINERALS LIMITED,WCN,Materials
WEBJET LIMITED,WEB,Retailing
WHITE ENERGY COMPANY LIMITED,WEC,Energy
WESFARMERS LIMITED,WES,Retailing
WAM GLOBAL LIMITED,WGB,Not Applic
WAGNERS HOLDING COMPANY LIMITED,WGN,Materials
WARREGO ENERGY LIMITED,WGO,Energy
WESTGOLD RESOURCES LIMITED.,WGX,Materials
WHITEHAVEN COAL LIMITED,WHC,Energy
WHITEFIELD LIMITED,WHF,Not Applic
WHITEHAWK LIMITED,WHK,Retailing
WESTOZ INVESTMENT COMPANY LIMITED,WIC,Not Applic
WALKABOUT RESOURCES LTD,WKT,Materials
WAM LEADERS LIMITED,WLE,Not Applic
WAM ALTERNATIVE ASSETS LIMITED,WMA,Not Applic
WAM MICROCAP LIMITED,WMI,Not Applic
WOOMERA MINING LIMITED,WML,Materials
WINGARA AG LTD,WNR,Food Beverage & Tobacco
WIDE OPEN AGRICULTURE LTD,WOA,Food Beverage & Tobacco
WORLEY LIMITED,WOR,Energy
WOOLWORTHS GROUP LIMITED,WOW,Food & Staples Retailing
WOODSIDE PETROLEUM LTD,WPL,Energy
WAYPOINT REIT,WPR,Real Estate
WCM GLOBAL GROWTH LIMITED,WQG,Not Applic
WHITE ROCK MINERALS LIMITED,WRM,Materials
WESTERN AREAS LIMITED,WSA,Materials
WESTSTAR INDUSTRIAL LIMITED,WSI,Materials
WHISPIR LIMITED,WSP,Software & Services
WISETECH GLOBAL LIMITED,WTC,Software & Services
WISEWAY GROUP LIMITED,WWG,Transportation
WEST WITS MINING LIMITED,WWI,Materials
WISR LIMITED,WZR,Diversified Financials
XANADU MINES LTD,XAM,Materials
XREF LIMITED,XF1,Software & Services
XPLORE WEALTH LIMITED,XPL,Diversified Financials
XRF SCIENTIFIC LIMITED,XRF,Capital Goods
XERO LIMITED,XRO,Software & Services
XTD LTD,XTD,Media & Entertainment
XTEK LIMITED.,XTE,Capital Goods
YANCOAL AUSTRALIA LIMITED,YAL,Energy
YOWIE GROUP LTD,YOW,Food Beverage & Tobacco
YANDAL RESOURCES LIMITED,YRL,Materials
ZIP CO LIMITED.,Z1P,Diversified Financials
Z ENERGY LIMITED.,ZEL,Energy
ZIMPLATS HOLDINGS LIMITED,ZIM,Materials
ZELIRA THERAPEUTICS LIMITED,ZLD,Pharmaceuticals Biotechnology & Life Sciences
ZINC OF IRELAND NL,ZMI,Materials
ZENITH MINERALS LIMITED,ZNC,Materials
ZOONO GROUP LIMITED,ZNO,Materials
